<?xml version="1.0" encoding="UTF-8"?>

<nrml xmlns="http://openquake.org/xmlns/nrml/0.4" xmlns:gml="http://www.opengis.net/gml">
   <sourceModel name="fault source">

<simpleFaultSource id="9" name="BoveVettore" tectonicRegion="Active Shallow Crust">
    <simpleFaultGeometry>
     <gml:LineString>
             <gml:posList>
                 13.1016 43.0131
                 13.1332 42.9931
                 13.1524 42.9766
                 13.1685 42.9544
                 13.1628 42.9394
                 13.175 42.9201
                 13.1971 42.9098
                 13.2265 42.8846
                 13.2476 42.8449
                 13.2483 42.8212
                 13.2616 42.8094
                 13.2726 42.7865
                 13.2813 42.755
             </gml:posList>
     </gml:LineString>
     <dip>47</dip>
     <upperSeismoDepth>0</upperSeismoDepth>
     <lowerSeismoDepth>11</lowerSeismoDepth>
     </simpleFaultGeometry>
 <magScaleRel>WC1994</magScaleRel>
 <ruptAspectRatio>1.5</ruptAspectRatio>
 <incrementalMFD minMag="6.5" binWidth="0.1">
     <occurRates>4.4408e-05 5.8627e-05 6.9259e-05 7.3216e-05 6.9259e-05 5.8627e-05 4.4408e-05 </occurRates>
 </incrementalMFD>
     <rake>-89</rake>
</simpleFaultSource>
<simpleFaultSource id="10" name="Gorzano             " tectonicRegion="Active Shallow Crust">
    <simpleFaultGeometry>
     <gml:LineString>
             <gml:posList>
                 13.2827 42.7138
                 13.306 42.6803
                 13.3214 42.6542
                 13.335 42.6426
                 13.3523 42.6217
                 13.356 42.6125
                 13.3633 42.6007
                 13.3713 42.5874
                 13.3882 42.5547
                 13.392 42.5487
                 13.3977 42.5373
                 13.4214 42.5255
                 13.4382 42.5074
                 13.4576 42.4814
             </gml:posList>
     </gml:LineString>
     <dip>45</dip>
     <upperSeismoDepth>0</upperSeismoDepth>
     <lowerSeismoDepth>12</lowerSeismoDepth>
     </simpleFaultGeometry>
 <magScaleRel>WC1994</magScaleRel>
 <ruptAspectRatio>1.5</ruptAspectRatio>
 <incrementalMFD minMag="6.4" binWidth="0.1">
     <occurRates>1.3441e-04 1.9556e-04 2.2160e-04 1.9556e-04 1.3441e-04 </occurRates>
 </incrementalMFD>
     <rake>-84</rake>
</simpleFaultSource>

   </sourceModel>
</nrml>