<?xml version="1.0" encoding="UTF-8"?>

<nrml xmlns="http://openquake.org/xmlns/nrml/0.4" xmlns:gml="http://www.opengis.net/gml">
   <sourceModel name="fault source">

<simpleFaultSource id="10" name="Gorzano             " tectonicRegion="Active Shallow Crust">
    <simpleFaultGeometry>
     <gml:LineString>
             <gml:posList>
                 13.2827 42.7138
                 13.306 42.6803
                 13.3214 42.6542
                 13.335 42.6426
                 13.3523 42.6217
                 13.356 42.6125
                 13.3633 42.6007
                 13.3713 42.5874
                 13.3882 42.5547
                 13.392 42.5487
                 13.3977 42.5373
                 13.4214 42.5255
                 13.4382 42.5074
                 13.4576 42.4814
             </gml:posList>
     </gml:LineString>
     <dip>45</dip>
     <upperSeismoDepth>0</upperSeismoDepth>
     <lowerSeismoDepth>12</lowerSeismoDepth>
     </simpleFaultGeometry>
 <magScaleRel>WC1994</magScaleRel>
 <ruptAspectRatio>1.5</ruptAspectRatio>
 <incrementalMFD minMag="6.4" binWidth="0.1">
     <occurRates>1.5590e-04 2.2683e-04 2.5703e-04 2.2683e-04 1.5590e-04 </occurRates>
 </incrementalMFD>
     <rake>-84</rake>
</simpleFaultSource>

   </sourceModel>
</nrml>