<?xml version="1.0" encoding="UTF-8"?>

<nrml xmlns:gml="http://www.opengis.net/gml"
      xmlns="http://openquake.org/xmlns/nrml/0.5">
    <logicTree logicTreeID='lt1'>

        <logicTreeBranchingLevel branchingLevelID="bl1">
            <logicTreeBranchSet uncertaintyType="gmpeModel" branchSetID="bs1"
                    applyToTectonicRegionType="Active_Shallow_Crust">
                <logicTreeBranch branchID="BeA11">
                 <uncertaintyModel>BindiEtAl2011</uncertaintyModel>
                 <uncertaintyWeight>1.</uncertaintyWeight>
                </logicTreeBranch>
            </logicTreeBranchSet>
        </logicTreeBranchingLevel>

    </logicTree>
</nrml>
